{"trainer/global_step":2390,"_timestamp":1.7302655555706906e+09,"_runtime":1440.068922496,"_step":358,"val_loss":0.4184437096118927,"train_loss":0.45842796564102173,"_wandb":{"runtime":1447},"epoch":199}